Cohort Year,Cohort Category,Demographic,# Total Cohort,# Total Grads,% of cohort Total Grads,# of cohort Total Grads,% of cohort Total Regents,% of grads  Total Regents,# of grads  Total Regents,% of cohort  Advanced Regents,% of grads  Advanced Regents,# of grads  Advanced Regents,% of cohort  Regents w/o Advanced,% of grads  Regents w/o Advanced,# of grads  Regents w/o Advanced,% of cohort Local,% of grads Local,# Still Enrolled,% of cohort Still Enrolled,# Dropped Out,% of cohort Dropped Out
2001,4 Year  June,English Language Learner,"10,540","2,791",26.5,992,9,35.5,315,3,11.3,677,6.4,24.3,"1,803",17.1,64.6,"3,895",37,"3,220",30.6
2001,5 Year  June,English Language Learner,"10,540","3,920",37.2,"1,233",11.7,31.5,371,3.5,9.5,862,8.2,22,"2,701",25.6,68.9,"1,516",14.4,"4,193",39.8
2001,6 Year,English Language Learner,"10,540","4,296",40.8,"1,291",12.2,30.1,380,3.6,8.8,911,8.6,21.2,"3,028",28.7,70.5,655,6.2,"4,598",43.6
2002,4 Year  June,English Language Learner,"7,454","1,691",22.7,639,8.6,37.8,132,1.8,7.8,507,6.8,30,"1,062",14.2,62.8,"3,062",41.1,"2,330",31.3
2002,5 Year  June,English Language Learner,"7,454","2,354",31.6,794,10.7,33.7,176,2.4,7.5,618,8.3,26.3,"1,578",21.2,67,"1,457",19.5,"3,041",40.8
2002,6 Year,English Language Learner,"7,454","2,729",36.6,856,11.5,31.4,185,2.5,6.8,671,9,24.6,"1,891",25.4,69.3,697,9.4,"3,356",45
2003,4 Year  June,English Language Learner,"8,163","2,052",25.1,909,11.1,44.3,290,3.6,14.1,619,7.6,30.2,"1,143",14,55.7,"3,360",41.2,"2,394",29.3
2003,5 Year  June,English Language Learner,"8,163","3,105",38,"1,159",14.2,37.3,358,4.4,11.5,801,9.8,25.8,"1,946",23.8,62.7,"1,327",16.3,"3,111",38.1
2003,6 Year,English Language Learner,"8,041","3,394",42.2,"1,216",15.1,35.8,363,4.5,10.7,853,10.6,25.1,"2,178",27.1,64.2,570,7.1,"3,361",41.8
2004,4 Year  June,English Language Learner,"8,486","3,039",35.8,"1,504",17.7,49.5,487,5.7,16,"1,017",12,33.5,"1,535",18.1,50.5,"3,288",38.7,"1,840",21.7
2004,4 Year August,English Language Learner,"8,486","3,404",40.1,"1,599",18.8,47,,,,,,,"1,809",21.3,53.1,"2,923",34.4,"1,840",21.7
2004,5 Year  June,English Language Learner,"8,320","4,065",48.9,"1,799",21.6,44.3,558,6.7,13.7,"1,241",14.9,30.5,"2,266",27.2,55.7,"1,151",13.8,"2,389",28.7
2004,6 Year,English Language Learner,"8,306","4,394",52.9,"1,873",22.5,42.6,568,6.8,12.9,"1,305",15.7,29.7,"2,521",30.4,57.4,619,7.5,"2,710",32.6
2005,4 Year  June,English Language Learner,"8,778","3,481",39.7,"1,908",21.7,54.8,583,6.6,16.7,"1,325",15.1,38.1,"1,572",17.9,45.2,"3,060",34.9,"1,700",19.4
2005,4 Year August,English Language Learner,"8,778","3,899",44.4,"2,015",23,51.7,594,6.8,15.2,"1,421",16.2,36.4,"1,883",21.5,48.3,"2,642",30.1,"1,700",19.4
2005,5 Year  June,English Language Learner,"8,743","4,546",52,"2,232",25.5,49.1,642,7.3,14.1,"1,590",18.2,35,"2,314",26.5,50.9,"1,016",11.6,"2,531",28.9
2005,6 Year,English Language Learner,"8,673","4,852",55.9,"2,304",26.6,47.5,647,7.5,13.3,"1,657",19.1,34.2,"2,548",29.4,52.5,454,5.2,"2,711",31.3
2006,4 Year  June,English Language Learner,"9,056","3,755",41.5,"2,437",26.9,64.9,593,6.5,15.8,"1,844",20.4,49.1,"1,318",14.6,35.1,"3,002",33.1,"1,797",19.8
2006,4 Year August,English Language Learner,"9,056","4,175",46.1,"2,573",28.4,61.6,608,6.7,14.6,"1,965",21.7,47.1,"1,602",17.7,38.4,"2,588",28.6,"1,791",19.8
2006,5 Year  June,English Language Learner,"9,158","4,775",52.1,"2,783",30.4,58.3,633,6.9,13.3,"2,150",23.5,45,"1,992",21.8,41.7,"1,095",12,"2,575",28.1
2006,5 Year August,English Language Learner,"9,158","4,878",53.3,"2,812",30.7,57.6,633,6.9,13,"2,179",23.8,44.7,"2,066",22.6,42.4,"1,005",11,"2,559",27.9
2006,6 Year,English Language Learner,"8,829","5,069",57.4,"2,867",32.5,56.6,633,7.2,12.5,"2,234",25.3,44.1,"2,202",24.9,43.4,341,3.9,"2,740",31
2007,4 Year  June,English Language Learner,"9,444","3,720",39.4,"2,765",29.3,74.3,562,6,15.1,"2,203",23.3,59.2,955,10.1,25.7,"3,407",36.1,"1,896",20.1
2007,4 Year August,English Language Learner,"9,444","4,263",45.1,"3,013",31.9,70.7,575,6.1,13.5,"2,438",25.8,57.2,"1,250",13.2,29.3,"2,881",30.5,"1,883",19.9
2007,5 Year  June,English Language Learner,"9,156","4,824",52.7,"3,241",35.4,67.2,591,6.5,12.3,"2,650",28.9,54.9,"1,583",17.3,32.8,873,9.5,"2,856",31.2
2007,5 Year August,English Language Learner,"9,156","4,977",54.4,"3,302",36.1,66.3,592,6.5,11.9,"2,710",29.6,54.5,"1,675",18.3,33.7,755,8.2,"2,825",30.9
2007,6 Year,English Language Learner,"9,134","5,124",56.1,"3,386",37.1,66.1,593,6.5,11.6,"2,793",30.6,54.5,"1,738",19,33.9,416,4.6,"2,958",32.4
2008,4 Year  June,English Language Learner,"9,174","3,247",35.4,"2,933",32,90.3,615,6.7,18.9,"2,318",25.3,71.4,314,3.4,9.7,"3,715",40.5,"1,868",20.4
2008,4 Year August,English Language Learner,"9,174","3,716",40.5,"3,318",36.2,89.3,624,6.8,16.8,"2,694",29.4,72.5,398,4.3,10.7,"3,257",35.5,"1,861",20.3
2008,5 Year  June,English Language Learner,"8,914","4,151",46.6,"3,654",41,88,635,7.1,15.3,"3,019",33.9,72.7,497,5.6,12,"1,700",19.1,"2,523",28.3
2008,5 Year August,English Language Learner,"8,914","4,297",48.2,"3,776",42.4,87.9,638,7.2,14.8,"3,138",35.2,73,521,5.8,12.1,"1,567",17.6,"2,513",28.2
2008,6 Year,English Language Learner,"8,932","4,500",50.4,"3,918",43.9,87.1,639,7.2,14.2,"3,279",36.7,72.9,582,6.5,12.9,931,10.4,"2,755",30.8
2009,4 Year  June,English Language Learner,"9,253","2,987",32.3,"2,697",29.1,90.3,600,6.5,20.1,"2,097",22.7,70.2,290,3.1,9.7,"3,974",42.9,"1,988",21.5
2009,4 Year August,English Language Learner,"9,253","3,580",38.7,"3,219",34.8,89.9,631,6.8,17.6,"2,588",28,72.3,361,3.9,10.1,"3,393",36.7,"1,987",21.5
2009,5 Year  June,English Language Learner,"8,936","4,138",46.3,"3,672",41.1,88.7,651,7.3,15.7,"3,021",33.8,73,466,5.2,11.3,"1,663",18.6,"2,729",30.5
2004,4 Year August,Male,"37,734","20,500",54.3,"14,404",38.2,70.3,,,,,,,"6,101",16.2,29.8,"10,133",26.9,"5,982",15.9
2009,5 Year August,English Language Learner,"8,936","4,300",48.1,"3,805",42.6,88.5,651,7.3,15.1,"3,154",35.3,73.3,495,5.5,11.5,"1,509",16.9,"2,725",30.5
2009,6 Year,English Language Learner,"8,858","4,531",51.2,"3,986",45,88,653,7.4,14.4,"3,333",37.6,73.6,545,6.2,12,936,10.6,"2,967",33.5
2010,4 Year  June,English Language Learner,"8,294","2,692",32.5,"2,449",29.5,91,413,5,15.3,"2,036",24.5,75.6,243,2.9,9,"3,462",41.7,"1,854",22.4
2010,4 Year August,English Language Learner,"8,294","3,091",37.3,"2,792",33.7,90.3,432,5.2,14,"2,360",28.5,76.4,299,3.6,9.7,"3,064",36.9,"1,853",22.3
2010,5 Year  June,English Language Learner,"7,985","3,599",45.1,"3,181",39.8,88.4,448,5.6,12.4,"2,733",34.2,75.9,418,5.2,11.6,"1,355",17,"2,605",32.6
2010,5 Year August,English Language Learner,"7,985","3,700",46.3,"3,266",40.9,88.3,449,5.6,12.1,"2,817",35.3,76.1,434,5.4,11.7,"1,264",15.8,"2,596",32.5
2011,4 Year  June,English Language Learner,"7,326","2,673",36.5,"2,395",32.7,89.6,368,5,13.8,"2,027",27.7,75.8,278,3.8,10.4,"2,784",38,"1,579",21.6
2011,4 Year August,English Language Learner,"7,326","2,970",40.5,"2,619",35.7,88.2,374,5.1,12.6,"2,245",30.6,75.6,351,4.8,11.8,"2,490",34,"1,577",21.5
2001,4 Year  June,English Language Proficient,"63,603","31,712",49.9,"21,205",33.3,66.9,"8,934",14,28.2,"12,271",19.3,38.7,"10,530",16.6,33.2,"17,199",27,"13,117",20.6
2001,5 Year  June,English Language Proficient,"63,603","37,397",58.8,"22,692",35.7,60.7,"9,078",14.3,24.3,"13,614",21.4,36.4,"14,764",23.2,39.5,"6,819",10.7,"17,189",27
2001,6 Year,English Language Proficient,"63,603","39,055",61.4,"23,047",36.2,59,"9,093",14.3,23.3,"13,954",21.9,35.7,"16,152",25.4,41.4,"3,241",5.1,"18,940",29.8
2002,4 Year  June,English Language Proficient,"67,057","34,861",52,"24,459",36.5,70.2,"9,303",13.9,26.7,"15,156",22.6,43.5,"10,427",15.5,29.9,"18,659",27.8,"11,428",17
2002,5 Year  June,English Language Proficient,"67,057","41,481",61.9,"26,684",39.8,64.3,"9,569",14.3,23.1,"17,115",25.5,41.3,"15,047",22.4,36.3,"7,470",11.1,"15,393",23
2002,6 Year,English Language Proficient,"67,057","43,338",64.6,"27,081",40.4,62.5,"9,583",14.3,22.1,"17,498",26.1,40.4,"16,507",24.6,38.1,"4,032",6,"16,784",25
2003,4 Year  June,English Language Proficient,"65,725","36,938",56.2,"26,536",40.4,71.8,"11,066",16.8,30,"15,470",23.5,41.9,"10,402",15.8,28.2,"17,993",27.4,"9,310",14.2
2003,5 Year  June,English Language Proficient,"65,725","43,160",65.7,"28,728",43.7,66.6,"11,236",17.1,26,"17,492",26.6,40.5,"14,432",22,33.4,"7,193",10.9,"12,984",19.8
2003,6 Year,English Language Proficient,"65,986","45,192",68.5,"29,267",44.4,64.8,"11,244",17,24.9,"18,023",27.3,39.9,"15,925",24.1,35.2,"3,550",5.4,"14,156",21.5
2004,4 Year  June,English Language Proficient,"66,523","39,274",59,"29,148",43.8,74.2,"12,105",18.2,30.8,"17,043",25.6,43.4,"10,126",15.2,25.8,"17,556",26.4,"8,287",12.5
2004,4 Year August,English Language Proficient,"66,523","42,086",63.3,"30,377",45.7,72.2,,,,,,,"11,713",17.6,27.8,"14,746",22.2,"8,286",12.5
2004,5 Year  June,English Language Proficient,"67,305","45,894",68.2,"31,740",47.2,69.2,"12,283",18.2,26.8,"19,457",28.9,42.4,"14,154",21,30.8,"6,214",9.2,"11,397",16.9
2004,6 Year,English Language Proficient,"67,355","47,985",71.2,"32,358",48,67.4,"12,282",18.2,25.6,"20,076",29.8,41.8,"15,627",23.2,32.6,"3,849",5.7,"12,596",18.7
2005,4 Year  June,English Language Proficient,"68,600","42,134",61.4,"32,581",47.5,77.3,"11,929",17.4,28.3,"20,652",30.1,49,"9,553",13.9,22.7,"16,283",23.7,"7,457",10.9
2005,4 Year August,English Language Proficient,"68,600","44,600",65,"33,703",49.1,75.6,"12,023",17.5,27,"21,680",31.6,48.6,"10,897",15.9,24.4,"13,822",20.1,"7,455",10.9
2005,5 Year  June,English Language Proficient,"69,404","48,442",69.8,"35,379",51,73,"12,132",17.5,25,"23,247",33.5,48,"13,063",18.8,27,"5,650",8.1,"11,728",16.9
2005,6 Year,English Language Proficient,"69,321","50,425",72.7,"36,008",51.9,71.4,"12,136",17.5,24.1,"23,872",34.4,47.3,"14,417",20.8,28.6,"2,971",4.3,"12,379",17.9
2006,4 Year  June,English Language Proficient,"69,290","44,031",63.5,"36,133",52.1,82.1,"12,292",17.7,27.9,"23,841",34.4,54.1,"7,898",11.4,17.9,"15,135",21.8,"7,700",11.1
2006,4 Year August,English Language Proficient,"69,290","46,831",67.6,"37,578",54.2,80.2,"12,393",17.9,26.5,"25,185",36.3,53.8,"9,253",13.4,19.8,"12,387",17.9,"7,649",11
2006,5 Year  June,English Language Proficient,"69,998","50,161",71.7,"39,135",55.9,78,"12,442",17.8,24.8,"26,693",38.1,53.2,"11,026",15.8,22,"5,133",7.3,"11,527",16.5
2006,5 Year August,English Language Proficient,"69,998","50,830",72.6,"39,377",56.3,77.5,"12,442",17.8,24.5,"26,935",38.5,53,"11,453",16.4,22.5,"4,645",6.6,"11,317",16.2
2006,6 Year,English Language Proficient,"69,217","52,052",75.2,"39,822",57.5,76.5,"12,431",18,23.9,"27,391",39.6,52.6,"12,230",17.7,23.5,"2,143",3.1,"11,878",17.2
2007,4 Year  June,English Language Proficient,"70,032","44,660",63.8,"39,341",56.2,88.1,"12,396",17.7,27.8,"26,945",38.5,60.3,"5,319",7.6,11.9,"15,553",22.2,"7,844",11.2
2007,4 Year August,English Language Proficient,"70,032","47,806",68.3,"41,203",58.8,86.2,"12,502",17.9,26.2,"28,701",41,60,"6,603",9.4,13.8,"12,522",17.9,"7,748",11.1
2007,5 Year  June,English Language Proficient,"69,766","50,580",72.5,"42,529",61,84.1,"12,432",17.8,24.6,"30,097",43.1,59.5,"8,051",11.5,15.9,"4,634",6.6,"11,802",16.9
2007,5 Year August,English Language Proficient,"69,766","51,176",73.4,"42,802",61.4,83.6,"12,433",17.8,24.3,"30,369",43.5,59.3,"8,374",12,16.4,"4,207",6,"11,642",16.7
2007,6 Year,English Language Proficient,"69,864","52,527",75.2,"43,581",62.4,83,"12,516",17.9,23.8,"31,065",44.5,59.1,"8,946",12.8,17,"2,371",3.4,"12,082",17.3
2008,4 Year  June,English Language Proficient,"70,545","44,926",63.7,"43,091",61.1,95.9,"12,560",17.8,28,"30,531",43.3,68,"1,835",2.6,4.1,"16,670",23.6,"7,263",10.3
2008,4 Year August,English Language Proficient,"70,545","47,857",67.8,"45,686",64.8,95.5,"12,640",17.9,26.4,"33,046",46.8,69.1,"2,171",3.1,4.5,"13,806",19.6,"7,235",10.3
2008,5 Year  June,English Language Proficient,"70,448","50,981",72.4,"48,300",68.6,94.7,"12,678",18,24.9,"35,622",50.6,69.9,"2,681",3.8,5.3,"6,787",9.6,"10,116",14.4
2008,5 Year August,English Language Proficient,"70,448","51,710",73.4,"48,902",69.4,94.6,"12,683",18,24.5,"36,219",51.4,70,"2,808",4,5.4,"6,133",8.7,"10,059",14.3
2008,6 Year,English Language Proficient,"70,301","53,075",75.5,"49,943",71,94.1,"12,685",18,23.9,"37,258",53,70.2,"3,132",4.5,5.9,"3,420",4.9,"10,790",15.3
2009,4 Year  June,English Language Proficient,"69,468","45,249",65.1,"43,292",62.3,95.7,"12,800",18.4,28.3,"30,492",43.9,67.4,"1,957",2.8,4.3,"16,272",23.4,"6,382",9.2
2009,4 Year August,English Language Proficient,"69,468","48,390",69.7,"46,039",66.3,95.1,"12,904",18.6,26.7,"33,135",47.7,68.5,"2,351",3.4,4.9,"13,184",19,"6,376",9.2
2009,5 Year  June,English Language Proficient,"69,379","51,744",74.6,"48,799",70.3,94.3,"12,933",18.6,25,"35,866",51.7,69.3,"2,945",4.2,5.7,"6,730",9.7,"9,037",13
2009,5 Year August,English Language Proficient,"69,379","52,481",75.6,"49,399",71.2,94.1,"12,937",18.6,24.7,"36,462",52.6,69.5,"3,082",4.4,5.9,"6,031",8.7,"9,006",13
2009,6 Year,English Language Proficient,"69,429","53,974",77.7,"50,530",72.8,93.6,"12,939",18.6,24,"37,591",54.1,69.6,"3,444",5,6.4,"3,605",5.2,"9,851",14.2
2010,4 Year  June,English Language Proficient,"67,230","45,757",68.1,"43,325",64.4,94.7,"12,874",19.1,28.1,"30,451",45.3,66.5,"2,432",3.6,5.3,"14,886",22.1,"5,457",8.1
2010,4 Year August,English Language Proficient,"67,230","48,590",72.3,"45,771",68.1,94.2,"12,989",19.3,26.7,"32,782",48.8,67.5,"2,819",4.2,5.8,"12,063",17.9,"5,456",8.1
2010,5 Year  June,English Language Proficient,"67,257","51,895",77.2,"48,371",71.9,93.2,"13,019",19.4,25.1,"35,352",52.6,68.1,"3,524",5.2,6.8,"5,847",8.7,"7,923",11.8
2010,5 Year August,English Language Proficient,"67,257","52,432",78,"48,788",72.5,93.1,"13,021",19.4,24.8,"35,767",53.2,68.2,"3,644",5.4,6.9,"5,338",7.9,"7,899",11.7
2011,4 Year  June,English Language Proficient,"67,037","47,326",70.6,"44,993",67.1,95.1,"13,196",19.7,27.9,"31,797",47.4,67.2,"2,333",3.5,4.9,"13,535",20.2,"5,087",7.6
2011,4 Year August,English Language Proficient,"67,037","49,439",73.7,"46,745",69.7,94.6,"13,265",19.8,26.8,"33,480",49.9,67.7,"2,694",4,5.4,"11,437",17.1,"5,087",7.6
2001,4 Year  June,Not Student with Disability,"64,593","32,863",50.9,"21,941",34,66.8,"9,211",14.3,28,"12,730",19.7,38.7,"10,937",16.9,33.3,"18,305",28.3,"13,062",20.2
2001,5 Year  June,Not Student with Disability,"64,593","39,364",60.9,"23,647",36.6,60.1,"9,411",14.6,23.9,"14,236",22,36.2,"15,777",24.4,40.1,"7,386",11.4,"17,426",27
2001,6 Year,Not Student with Disability,"64,593","41,293",63.9,"24,053",37.2,58.2,"9,433",14.6,22.8,"14,620",22.6,35.4,"17,392",26.9,42.1,"3,287",5.1,"19,482",30.2
2002,4 Year  June,Not Student with Disability,"67,537","35,265",52.2,"24,798",36.7,70.3,"9,400",13.9,26.7,"15,398",22.8,43.7,"10,501",15.5,29.8,"18,972",28.1,"11,832",17.5
2002,5 Year  June,Not Student with Disability,"67,537","42,249",62.6,"27,152",40.2,64.3,"9,708",14.4,23,"17,444",25.8,41.3,"15,360",22.7,36.4,"7,313",10.8,"16,253",24.1
2002,6 Year,Not Student with Disability,"67,537","44,169",65.4,"27,589",40.9,62.5,"9,731",14.4,22,"17,858",26.4,40.4,"16,843",24.9,38.1,"4,045",6,"17,572",26
2003,4 Year  June,Not Student with Disability,"64,766","37,324",57.6,"27,046",41.8,72.5,"11,284",17.4,30.2,"15,762",24.3,42.2,"10,278",15.9,27.5,"16,946",26.2,"9,614",14.8
2003,5 Year  June,Not Student with Disability,"64,766","43,826",67.7,"29,392",45.4,67.1,"11,520",17.8,26.3,"17,872",27.6,40.8,"14,434",22.3,32.9,"6,880",10.6,"13,058",20.2
2003,6 Year,Not Student with Disability,"65,187","45,871",70.4,"29,957",46,65.3,"11,533",17.7,25.1,"18,424",28.3,40.2,"15,914",24.4,34.7,"3,324",5.1,"14,361",22
2004,4 Year  June,Not Student with Disability,"64,874","40,021",61.7,"29,933",46.1,74.8,"12,481",19.2,31.2,"17,452",26.9,43.6,"10,088",15.6,25.2,"16,642",25.7,"7,942",12.2
2004,4 Year August,Not Student with Disability,"64,874","42,947",66.2,"31,206",48.1,72.7,,,,,,,"11,747",18.1,27.4,"13,717",21.1,"7,941",12.2
2004,5 Year  June,Not Student with Disability,"65,807","46,928",71.3,"32,715",49.7,69.7,"12,728",19.3,27.1,"19,987",30.4,42.6,"14,213",21.6,30.3,"5,733",8.7,"11,057",16.8
2004,6 Year,Not Student with Disability,"66,005","49,050",74.3,"33,371",50.6,68,"12,737",19.3,26,"20,634",31.3,42.1,"15,679",23.8,32,"3,468",5.3,"12,318",18.7
2005,4 Year  June,Not Student with Disability,"66,625","42,954",64.5,"33,530",50.3,78.1,"12,399",18.6,28.9,"21,131",31.7,49.2,"9,422",14.1,21.9,"15,131",22.7,"6,903",10.4
2005,4 Year August,Not Student with Disability,"66,625","45,634",68.5,"34,725",52.1,76.1,"12,503",18.8,27.4,"22,222",33.4,48.7,"10,908",16.4,23.9,"12,452",18.7,"6,901",10.4
2005,5 Year  June,Not Student with Disability,"67,538","49,532",73.3,"36,498",54,73.7,"12,661",18.7,25.6,"23,837",35.3,48.1,"13,034",19.3,26.3,"5,061",7.5,"11,158",16.5
2005,6 Year,Not Student with Disability,"67,582","51,536",76.3,"37,169",55,72.1,"12,670",18.7,24.6,"24,499",36.3,47.5,"14,367",21.3,27.9,"2,528",3.7,"11,834",17.5
2006,4 Year  June,Not Student with Disability,"66,979","44,619",66.6,"37,300",55.7,83.6,"12,757",19,28.6,"24,543",36.6,55,"7,319",10.9,16.4,"13,894",20.7,"7,120",10.6
2006,4 Year August,Not Student with Disability,"66,979","47,516",70.9,"38,824",58,81.7,"12,869",19.2,27.1,"25,955",38.8,54.6,"8,692",13,18.3,"11,048",16.5,"7,070",10.6
2006,5 Year  June,Not Student with Disability,"66,955","50,937",76.1,"40,507",60.5,79.5,"12,942",19.3,25.4,"27,565",41.2,54.1,"10,430",15.6,20.5,"3,700",5.5,"10,939",16.3
2006,5 Year August,Not Student with Disability,"66,955","51,605",77.1,"40,770",60.9,79,"12,942",19.3,25.1,"27,828",41.6,53.9,"10,835",16.2,21,"3,208",4.8,"10,737",16
2006,6 Year,Not Student with Disability,"66,643","52,773",79.2,"41,232",61.9,78.1,"12,928",19.4,24.5,"28,304",42.5,53.6,"11,541",17.3,21.9,"1,546",2.3,"11,004",16.5
2007,4 Year  June,Not Student with Disability,"67,469","45,110",66.9,"40,618",60.2,90,"12,845",19,28.5,"27,773",41.2,61.6,"4,492",6.7,10,"14,096",20.9,"7,229",10.7
2007,4 Year August,Not Student with Disability,"67,469","48,351",71.7,"42,623",63.2,88.2,"12,962",19.2,26.8,"29,661",44,61.3,"5,728",8.5,11.8,"10,920",16.2,"7,136",10.6
2007,5 Year  June,Not Student with Disability,"67,019","51,149",76.3,"44,092",65.8,86.2,"12,907",19.3,25.2,"31,185",46.5,61,"7,057",10.5,13.8,"3,648",5.4,"11,089",16.5
2007,5 Year August,Not Student with Disability,"67,019","51,784",77.3,"44,408",66.3,85.8,"12,909",19.3,24.9,"31,499",47,60.8,"7,376",11,14.2,"3,182",4.7,"10,920",16.3
2007,6 Year,Not Student with Disability,"67,526","53,131",78.7,"45,228",67,85.1,"12,992",19.2,24.5,"32,236",47.7,60.7,"7,903",11.7,14.9,"1,633",2.4,"11,509",17
2008,4 Year  June,Not Student with Disability,"66,695","44,576",66.8,"44,185",66.2,99.1,"13,040",19.6,29.3,"31,145",46.7,69.9,391,0.6,0.9,"14,869",22.3,"6,535",9.8
2008,4 Year August,Not Student with Disability,"66,695","47,603",71.4,"47,072",70.6,98.9,"13,129",19.7,27.6,"33,943",50.9,71.3,531,0.8,1.1,"11,873",17.8,"6,504",9.8
2008,5 Year  June,Not Student with Disability,"67,309","50,804",75.5,"49,931",74.2,98.3,"13,178",19.6,25.9,"36,753",54.6,72.3,873,1.3,1.7,"5,642",8.4,"9,791",14.5
2008,5 Year August,Not Student with Disability,"67,309","51,560",76.6,"50,635",75.2,98.2,"13,186",19.6,25.6,"37,449",55.6,72.6,925,1.4,1.8,"4,952",7.4,"9,731",14.5
2008,6 Year,Not Student with Disability,"67,217","52,825",78.6,"51,767",77,98,"13,188",19.6,25,"38,579",57.4,73,"1,058",1.6,2,"2,778",4.1,"10,478",15.6
2009,4 Year  June,Not Student with Disability,"67,912","44,643",65.7,"44,182",65.1,99,"13,285",19.6,29.8,"30,897",45.5,69.2,461,0.7,1,"16,008",23.6,"6,467",9.5
2009,4 Year August,Not Student with Disability,"67,912","47,916",70.6,"47,324",69.7,98.8,"13,418",19.8,28,"33,906",49.9,70.8,592,0.9,1.2,"12,747",18.8,"6,461",9.5
2009,5 Year  June,Not Student with Disability,"67,444","51,131",75.8,"50,396",74.7,98.6,"13,471",20,26.3,"36,925",54.7,72.2,735,1.1,1.4,"6,026",8.9,"9,259",13.7
2009,5 Year August,Not Student with Disability,"67,444","51,891",76.9,"51,107",75.8,98.5,"13,475",20,26,"37,632",55.8,72.5,784,1.2,1.5,"5,301",7.9,"9,225",13.7
2009,6 Year,Not Student with Disability,"67,428","53,267",79,"52,374",77.7,98.3,"13,479",20,25.3,"38,895",57.7,73,893,1.3,1.7,"3,031",4.5,"10,042",14.9
2010,4 Year  June,Not Student with Disability,"63,409","44,011",69.4,"43,639",68.8,99.2,"13,136",20.7,29.8,"30,503",48.1,69.3,372,0.6,0.8,"13,434",21.2,"5,393",8.5
2010,4 Year August,Not Student with Disability,"63,409","46,779",73.8,"46,312",73,99,"13,267",20.9,28.4,"33,045",52.1,70.6,467,0.7,1,"10,671",16.8,"5,391",8.5
2010,5 Year  June,Not Student with Disability,"63,175","49,811",78.8,"49,146",77.8,98.7,"13,315",21.1,26.7,"35,831",56.7,71.9,665,1.1,1.3,"4,796",7.6,"7,849",12.4
2010,5 Year August,Not Student with Disability,"63,175","50,329",79.7,"49,626",78.6,98.6,"13,318",21.1,26.5,"36,308",57.5,72.1,703,1.1,1.4,"4,309",6.8,"7,818",12.4
2011,4 Year  June,Not Student with Disability,"61,895","45,308",73.2,"44,779",72.3,98.8,"13,400",21.6,29.6,"31,379",50.7,69.3,529,0.9,1.2,"11,321",18.3,"4,750",7.7
2011,4 Year August,Not Student with Disability,"61,895","47,284",76.4,"46,637",75.3,98.6,"13,474",21.8,28.5,"33,163",53.6,70.1,647,1,1.4,"9,350",15.1,"4,748",7.7
2001,4 Year  June,Student with Disability,"9,550","1,640",17.1,256,3,15.6,38,0.4,2.3,218,2.3,13.3,"1,396",14.6,85.1,"2,789",29.2,"3,275",34.3
2001,5 Year  June,Student with Disability,"9,550","1,953",20.5,278,2.9,14.2,38,0.4,1.9,240,2.5,12.3,"1,688",17.7,86.4,949,9.9,"3,956",41.4
2001,6 Year,Student with Disability,"9,550","2,058",21.5,285,3,13.8,40,0.4,1.9,245,2.6,11.9,"1,788",18.7,86.9,609,6.4,"4,056",42.5
2002,4 Year  June,Student with Disability,"6,974","1,287",18.5,300,4.3,23.3,35,0.5,2.7,265,3.8,20.6,988,14.2,76.8,"2,749",39.4,"1,926",27.6
2002,5 Year  June,Student with Disability,"6,974","1,586",22.7,326,4.7,20.6,37,0.5,2.3,289,4.1,18.2,"1,265",18.1,79.8,"1,614",23.1,"2,181",31.3
2002,6 Year,Student with Disability,"6,974","1,898",27.2,348,5,18.3,37,0.5,1.9,311,4.5,16.4,"1,555",22.3,81.9,684,9.8,"2,568",36.8
2003,4 Year  June,Student with Disability,"9,122","1,666",18.3,399,4.4,23.9,72,0.8,4.3,327,3.6,19.6,"1,267",13.9,76.1,"4,407",48.3,"2,090",22.9
2003,5 Year  June,Student with Disability,"9,122","2,439",26.7,495,5.4,20.3,74,0.8,3,421,4.6,17.3,"1,944",21.3,79.7,"1,640",18,"3,037",33.3
2003,6 Year,Student with Disability,"8,840","2,715",30.7,526,6,19.4,74,0.8,2.7,452,5.1,16.6,"2,189",24.8,80.6,796,9,"3,156",35.7
2004,4 Year  June,Student with Disability,"10,135","2,292",22.5,719,7,31.4,111,1.1,4.8,608,6,26.5,"1,573",15.5,68.6,"4,202",41.5,"2,185",21.6
2004,4 Year August,Student with Disability,"10,135","2,543",25.1,770,7.6,30.3,,,,,,,"1,775",17.5,69.8,"3,952",39,"2,185",21.6
2004,5 Year  June,Student with Disability,"9,818","3,031",30.9,824,8.4,27.2,113,1.2,3.7,711,7.2,23.5,"2,207",22.5,72.8,"1,632",16.6,"2,729",27.8
2004,6 Year,Student with Disability,"9,656","3,329",34.5,860,8.9,25.8,113,1.2,3.4,747,7.7,22.4,"2,469",25.6,74.2,"1,000",10.4,"2,988",30.9
2005,4 Year  June,Student with Disability,"10,754","2,661",24.7,959,8.9,36,113,1.1,4.2,846,7.9,31.8,"1,703",15.8,64,"4,212",39.2,"2,254",21
2005,4 Year August,Student with Disability,"10,754","2,865",26.6,993,9.2,34.7,114,1.1,4,879,8.2,30.7,"1,872",17.4,65.3,"4,012",37.3,"2,254",21
2005,5 Year  June,Student with Disability,"10,609","3,456",32.6,"1,113",10.5,32.2,113,1.1,3.3,"1,000",9.4,28.9,"2,343",22.1,67.8,"1,605",15.1,"3,101",29.2
2005,6 Year,Student with Disability,"10,412","3,741",35.9,"1,143",11,30.6,113,1.1,3,"1,030",9.9,27.5,"2,598",25,69.4,897,8.6,"3,256",31.3
2006,4 Year  June,Student with Disability,"11,367","3,167",27.9,"1,270",11.2,40.1,128,1.1,4,"1,142",10,36.1,"1,897",16.7,59.9,"4,243",37.3,"2,377",20.9
2006,4 Year August,Student with Disability,"11,367","3,490",30.7,"1,327",11.7,38,132,1.2,3.8,"1,195",10.5,34.2,"2,163",19,62,"3,927",34.5,"2,370",20.8
2006,5 Year  June,Student with Disability,"12,201","3,999",32.8,"1,411",11.6,35.3,133,1.1,3.3,"1,278",10.5,32,"2,588",21.2,64.7,"2,528",20.7,"3,163",25.9
2006,5 Year August,Student with Disability,"12,201","4,103",33.6,"1,419",11.6,34.6,133,1.1,3.2,"1,286",10.5,31.3,"2,684",22,65.4,"2,442",20,"3,139",25.7
2006,6 Year,Student with Disability,"11,403","4,348",38.1,"1,457",12.8,33.5,136,1.2,3.1,"1,321",11.6,30.4,"2,891",25.4,66.5,938,8.2,"3,614",31.7
2007,4 Year  June,Student with Disability,"12,007","3,270",27.2,"1,488",12.4,45.5,113,0.9,3.5,"1,375",11.5,42,"1,782",14.8,54.5,"4,864",40.5,"2,511",20.9
2007,4 Year August,Student with Disability,"12,007","3,718",31,"1,593",13.3,42.8,115,1,3.1,"1,478",12.3,39.8,"2,125",17.7,57.2,"4,483",37.3,"2,495",20.8
2007,5 Year  June,Student with Disability,"11,903","4,255",35.7,"1,678",14.1,39.4,116,1,2.7,"1,562",13.1,36.7,"2,577",21.7,60.6,"1,859",15.6,"3,569",30
2007,5 Year August,Student with Disability,"11,903","4,369",36.7,"1,696",14.2,38.8,116,1,2.7,"1,580",13.3,36.2,"2,673",22.5,61.2,"1,780",15,"3,547",29.8
2007,6 Year,Student with Disability,"11,472","4,520",39.4,"1,739",15.2,38.5,117,1,2.6,"1,622",14.1,35.9,"2,781",24.2,61.5,"1,154",10.1,"3,531",30.8
2008,4 Year  June,Student with Disability,"13,024","3,597",27.6,"1,839",14.1,51.1,135,1,3.8,"1,704",13.1,47.4,"1,758",13.5,48.9,"5,516",42.4,"2,596",19.9
2008,4 Year August,Student with Disability,"13,024","3,970",30.5,"1,932",14.8,48.7,135,1,3.4,"1,797",13.8,45.3,"2,038",15.6,51.3,"5,190",39.8,"2,592",19.9
2008,5 Year  June,Student with Disability,"12,053","4,328",35.9,"2,023",16.8,46.7,135,1.1,3.1,"1,888",15.7,43.6,"2,305",19.1,53.3,"2,845",23.6,"2,848",23.6
2008,5 Year August,Student with Disability,"12,053","4,447",36.9,"2,043",17,45.9,135,1.1,3,"1,908",15.8,42.9,"2,404",19.9,54.1,"2,748",22.8,"2,841",23.6
2008,6 Year,Student with Disability,"12,016","4,750",39.5,"2,094",17.4,44.1,136,1.1,2.9,"1,958",16.3,41.2,"2,656",22.1,55.9,"1,573",13.1,"3,067",25.5
2009,4 Year  June,Student with Disability,"10,809","3,593",33.2,"1,807",16.7,50.3,115,1.1,3.2,"1,692",15.7,47.1,"1,786",16.5,49.7,"4,238",39.2,"1,903",17.6
2009,4 Year August,Student with Disability,"10,809","4,054",37.5,"1,934",17.9,47.7,117,1.1,2.9,"1,817",16.8,44.8,"2,120",19.6,52.3,"3,830",35.4,"1,902",17.6
2009,5 Year  June,Student with Disability,"10,871","4,751",43.7,"2,075",19.1,43.7,113,1,2.4,"1,962",18,41.3,"2,676",24.6,56.3,"2,367",21.8,"2,507",23.1
2009,5 Year August,Student with Disability,"10,871","4,890",45,"2,097",19.3,42.9,113,1,2.3,"1,984",18.3,40.6,"2,793",25.7,57.1,"2,239",20.6,"2,506",23.1
2009,6 Year,Student with Disability,"10,859","5,238",48.2,"2,142",19.7,40.9,113,1,2.2,"2,029",18.7,38.7,"3,096",28.5,59.1,"1,510",13.9,"2,776",25.6
2010,4 Year  June,Student with Disability,"12,115","4,438",36.6,"2,135",17.6,48.1,151,1.2,3.4,"1,984",16.4,44.7,"2,303",19,51.9,"4,914",40.6,"1,918",15.8
2010,4 Year August,Student with Disability,"12,115","4,902",40.5,"2,251",18.6,45.9,154,1.3,3.1,"2,097",17.3,42.8,"2,651",21.9,54.1,"4,456",36.8,"1,918",15.8
2010,5 Year  June,Student with Disability,"12,067","5,683",47.1,"2,406",19.9,42.3,152,1.3,2.7,"2,254",18.7,39.7,"3,277",27.2,57.7,"2,406",19.9,"2,679",22.2
2010,5 Year August,Student with Disability,"12,067","5,803",48.1,"2,428",20.1,41.8,152,1.3,2.6,"2,276",18.9,39.2,"3,375",28,58.2,"2,293",19,"2,677",22.2
2011,4 Year  June,Student with Disability,"12,468","4,691",37.6,"2,609",20.9,55.6,164,1.3,3.5,"2,445",19.6,52.1,"2,082",16.7,44.4,"4,998",40.1,"1,916",15.4
2011,4 Year August,Student with Disability,"12,468","5,125",41.1,"2,727",21.9,53.2,165,1.3,3.2,"2,562",20.5,50,"2,398",19.2,46.8,"4,577",36.7,"1,916",15.4
2001,4 Year  June,Asian,"9,807","6,501",66.3,"5,261",53.6,80.9,"3,277",33.4,50.4,"1,984",20.2,30.5,"1,245",12.7,19.2,"1,934",19.7,"1,281",13.1
2001,5 Year  June,Asian,"9,807","7,377",75.2,"5,618",57.3,76.2,"3,369",34.4,45.7,"2,249",22.9,30.5,"1,767",18,24,582,5.9,"1,705",17.4
2001,6 Year,Asian,"9,807","7,599",77.5,"5,691",58,74.9,"3,380",34.5,44.5,"2,311",23.6,30.4,"1,921",19.6,25.3,202,2.1,"1,856",18.9
2002,4 Year  June,Asian,"10,554","7,082",67.1,"6,062",57.4,85.6,"3,601",34.1,50.8,"2,461",23.3,34.8,"1,025",9.7,14.5,"2,014",19.1,"1,257",11.9
2002,5 Year  June,Asian,"10,554","8,054",76.3,"6,554",62.1,81.4,"3,743",35.5,46.5,"2,811",26.6,34.9,"1,521",14.4,18.9,627,5.9,"1,633",15.5
2002,6 Year,Asian,"10,554","8,260",78.3,"6,632",62.8,80.3,"3,754",35.6,45.4,"2,878",27.3,34.8,"1,649",15.6,20,278,2.6,"1,765",16.7
2003,4 Year  June,Asian,"10,403","7,467",71.8,"6,568",63.1,88,"4,274",41.1,57.2,"2,294",22.1,30.7,899,8.6,12,"1,867",17.9,999,9.6
2003,5 Year  June,Asian,"10,403","8,372",80.5,"7,062",67.9,84.4,"4,410",42.4,52.7,"2,652",25.5,31.7,"1,310",12.6,15.6,562,5.4,"1,340",12.9
2003,6 Year,Asian,"10,408","8,569",82.3,"7,150",68.7,83.4,"4,420",42.5,51.6,"2,730",26.2,31.9,"1,419",13.6,16.6,223,2.1,"1,434",13.8
2004,4 Year  June,Asian,"10,897","8,075",74.1,"7,188",66,89,"4,729",43.4,58.6,"2,459",22.6,30.5,887,8.1,11,"1,946",17.9,808,7.4
2004,4 Year August,Asian,"10,897","8,455",77.6,"7,414",68,87.7,,,,,,,"1,043",9.6,12.3,"1,566",14.4,808,7.4
2004,5 Year  June,Asian,"10,891","8,999",82.6,"7,719",70.9,85.8,"4,860",44.6,54,"2,859",26.3,31.8,"1,280",11.8,14.2,537,4.9,"1,100",10.1
2004,6 Year,Asian,"10,884","9,221",84.7,"7,829",71.9,84.9,"4,864",44.7,52.7,"2,965",27.2,32.2,"1,392",12.8,15.1,293,2.7,"1,191",10.9
2005,4 Year  June,Asian,"11,075","8,511",76.8,"7,640",69,89.8,"4,850",43.8,57,"2,790",25.2,32.8,871,7.9,10.2,"1,711",15.4,656,5.9
2005,4 Year August,Asian,"11,075","8,876",80.1,"7,867",71,88.6,"4,903",44.3,55.2,"2,964",26.8,33.4,"1,009",9.1,11.4,"1,346",12.2,656,5.9
2005,5 Year  June,Asian,"11,124","9,403",84.5,"8,200",73.7,87.2,"4,991",44.9,53.1,"3,209",28.8,34.1,"1,203",10.8,12.8,453,4.1,"1,026",9.2
2005,6 Year,Asian,"11,094","9,592",86.5,"8,299",74.8,86.5,"4,997",45,52.1,"3,302",29.8,34.4,"1,293",11.7,13.5,194,1.7,"1,066",9.6
2006,4 Year  June,Asian,"11,368","8,969",78.9,"8,337",73.3,93,"5,083",44.7,56.7,"3,254",28.6,36.3,632,5.6,7,"1,554",13.7,710,6.2
2006,4 Year August,Asian,"11,368","9,364",82.4,"8,603",75.7,91.9,"5,146",45.3,55,"3,457",30.4,36.9,761,6.7,8.1,"1,163",10.2,706,6.2
2006,5 Year  June,Asian,"11,445","9,785",85.5,"8,880",77.6,90.8,"5,188",45.3,53,"3,692",32.3,37.7,905,7.9,9.2,441,3.9,"1,018",8.9
2006,5 Year August,Asian,"11,445","9,851",86.1,"8,921",77.9,90.6,"5,188",45.3,52.7,"3,733",32.6,37.9,930,8.1,9.4,390,3.4,"1,001",8.7
2006,6 Year,Asian,"11,371","9,976",87.7,"8,996",79.1,90.2,"5,195",45.7,52.1,"3,801",33.4,38.1,980,8.6,9.8,129,1.1,"1,063",9.3
2007,4 Year  June,Asian,"11,967","9,494",79.3,"9,006",75.3,94.9,"5,384",45,56.7,"3,622",30.3,38.2,488,4.1,5.1,"1,642",13.7,716,6
2007,4 Year August,Asian,"11,967","9,925",82.9,"9,324",77.9,93.9,"5,439",45.4,54.8,"3,885",32.5,39.1,601,5,6.1,"1,218",10.2,711,5.9
2007,5 Year  June,Asian,"11,880","10,220",86,"9,494",79.9,92.9,"5,434",45.7,53.2,"4,060",34.2,39.7,726,6.1,7.1,400,3.4,"1,081",9.1
2007,5 Year August,Asian,"11,880","10,297",86.7,"9,536",80.3,92.6,"5,435",45.7,52.8,"4,101",34.5,39.8,761,6.4,7.4,342,2.9,"1,064",9
2007,6 Year,Asian,"11,925","10,443",87.6,"9,653",80.9,92.4,"5,464",45.8,52.3,"4,189",35.1,40.1,790,6.6,7.6,192,1.6,"1,099",9.2
2008,4 Year  June,Asian,"12,514","9,900",79.1,"9,774",78.1,98.7,"5,685",45.4,57.4,"4,089",32.7,41.3,126,1,1.3,"1,821",14.6,700,5.6
2008,4 Year August,Asian,"12,514","10,272",82.1,"10,132",81,98.6,"5,720",45.7,55.7,"4,412",35.3,43,140,1.1,1.4,"1,453",11.6,698,5.6
2008,5 Year  June,Asian,"12,480","10,628",85.2,"10,465",83.9,98.5,"5,752",46.1,54.1,"4,713",37.8,44.3,163,1.3,1.5,690,5.5,990,7.9
2008,5 Year August,Asian,"12,480","10,726",85.9,"10,560",84.6,98.5,"5,759",46.1,53.7,"4,801",38.5,44.8,166,1.3,1.5,600,4.8,982,7.9
2008,6 Year,Asian,"12,483","10,847",86.9,"10,670",85.5,98.4,"5,761",46.2,53.1,"4,909",39.3,45.3,177,1.4,1.6,335,2.7,"1,076",8.6
2009,4 Year  June,Asian,"13,126","10,160",77.4,"10,039",76.5,98.8,"5,849",44.6,57.6,"4,190",31.9,41.2,121,0.9,1.2,"2,034",15.5,835,6.4
2009,4 Year August,Asian,"13,126","10,648",81.1,"10,505",80,98.7,"5,923",45.1,55.6,"4,582",34.9,43,143,1.1,1.3,"1,552",11.8,832,6.3
2009,5 Year  June,Asian,"13,105","11,049",84.3,"10,874",83,98.4,"5,955",45.4,53.9,"4,919",37.5,44.5,175,1.3,1.6,727,5.5,"1,205",9.2
2009,5 Year August,Asian,"13,105","11,134",85,"10,956",83.6,98.4,"5,958",45.5,53.5,"4,998",38.1,44.9,178,1.4,1.6,644,4.9,"1,203",9.2
2009,6 Year,Asian,"13,107","11,272",86,"11,077",84.5,98.3,"5,960",45.5,52.9,"5,117",39,45.4,195,1.5,1.7,418,3.2,"1,281",9.8
2010,4 Year  June,Asian,"12,967","10,300",79.4,"10,179",78.5,98.8,"5,866",45.2,57,"4,313",33.3,41.9,121,0.9,1.2,"1,834",14.1,756,5.8
2010,4 Year August,Asian,"12,967","10,706",82.6,"10,559",81.4,98.6,"5,927",45.7,55.4,"4,632",35.7,43.3,147,1.1,1.4,"1,428",11,756,5.8
2010,5 Year  June,Asian,"12,904","11,093",86,"10,900",84.5,98.3,"5,955",46.1,53.7,"4,945",38.3,44.6,193,1.5,1.7,637,4.9,"1,050",8.1
2010,5 Year August,Asian,"12,904","11,159",86.5,"10,961",84.9,98.2,"5,957",46.2,53.4,"5,004",38.8,44.8,198,1.5,1.8,578,4.5,"1,043",8.1
2011,4 Year  June,Asian,"12,834","10,583",82.5,"10,466",81.5,98.9,"5,997",46.7,56.7,"4,469",34.8,42.2,117,0.9,1.1,"1,602",12.5,589,4.6
2011,4 Year August,Asian,"12,834","10,910",85,"10,774",83.9,98.8,"6,042",47.1,55.4,"4,732",36.9,43.4,136,1.1,1.2,"1,275",9.9,589,4.6
2001,4 Year  June,Black,"26,107","10,477",40.1,"5,481",21,52.3,"1,308",5,12.5,"4,173",16,39.8,"5,000",19.2,47.7,"8,750",33.5,"5,956",22.8
2001,5 Year  June,Black,"26,107","12,990",49.8,"5,941",22.8,45.7,"1,332",5.1,10.3,"4,609",17.7,35.5,"7,065",27.1,54.4,"3,734",14.3,"8,058",30.9
2001,6 Year,Black,"26,107","13,815",52.9,"6,072",23.3,44,"1,335",5.1,9.7,"4,737",18.1,34.3,"7,797",29.9,56.4,"1,832",7,"9,015",34.5
2002,4 Year  June,Black,"25,676","11,012",42.9,"6,413",25,58.2,"1,287",5,11.7,"5,126",20,46.5,"4,616",18,41.9,"8,777",34.2,"4,786",18.6
2002,5 Year  June,Black,"25,676","13,662",53.2,"7,070",27.5,51.7,"1,328",5.2,9.7,"5,742",22.4,42,"6,699",26.1,49,"3,843",15,"6,678",26
2002,6 Year,Black,"25,676","14,564",56.7,"7,212",28.1,49.5,"1,330",5.2,9.1,"5,882",22.9,40.4,"7,459",29.1,51.2,"2,058",8,"7,422",28.9
2003,4 Year  June,Black,"25,579","12,220",47.8,"7,409",29,60.6,"1,784",7,14.6,"5,625",22,46,"4,811",18.8,39.4,"8,574",33.5,"3,949",15.4
2003,5 Year  June,Black,"25,579","14,886",58.2,"8,142",31.8,54.7,"1,805",7.1,12.1,"6,337",24.8,42.6,"6,744",26.4,45.3,"3,646",14.3,"5,673",22.2
2003,6 Year,Black,"25,624","15,801",61.7,"8,342",32.6,52.8,"1,805",7,11.4,"6,537",25.5,41.4,"7,459",29.1,47.2,"1,778",6.9,"6,317",24.7
2004,4 Year  June,Black,"25,791","13,258",51.4,"8,460",32.8,63.8,"2,000",7.8,15.1,"6,460",25,48.7,"4,798",18.6,36.2,"8,323",32.3,"3,390",13.1
2004,4 Year August,Black,"25,791","14,428",55.9,"8,878",34.4,61.5,,,,,,,"5,551",21.5,38.5,"7,154",27.7,"3,389",13.1
2004,5 Year  June,Black,"26,051","16,053",61.6,"9,317",35.8,58,"2,022",7.8,12.6,"7,295",28,45.4,"6,736",25.9,42,"3,137",12,"4,879",18.7
2004,6 Year,Black,"26,040","17,028",65.4,"9,545",36.7,56.1,"2,023",7.8,11.9,"7,522",28.9,44.2,"7,483",28.7,43.9,"1,814",7,"5,586",21.5
2005,4 Year  June,Black,"26,634","14,346",53.9,"9,943",37.3,69.3,"1,931",7.3,13.5,"8,012",30.1,55.8,"4,403",16.5,30.7,"7,732",29,"3,190",12
2005,4 Year August,Black,"26,634","15,398",57.8,"10,336",38.8,67.1,"1,946",7.3,12.6,"8,390",31.5,54.5,"5,062",19,32.9,"6,681",25.1,"3,190",12
2005,5 Year  June,Black,"26,950","16,991",63,"10,890",40.4,64.1,"1,961",7.3,11.5,"8,929",33.1,52.6,"6,101",22.6,35.9,"2,730",10.1,"5,386",20
2005,6 Year,Black,"26,885","17,939",66.7,"11,131",41.4,62,"1,961",7.3,10.9,"9,170",34.1,51.1,"6,808",25.3,38,"1,387",5.2,"5,748",21.4
2006,4 Year  June,Black,"26,618","14,872",55.9,"11,136",41.8,74.9,"1,971",7.4,13.3,"9,165",34.4,61.6,"3,736",14,25.1,"7,112",26.7,"3,390",12.7
2006,4 Year August,Black,"26,618","16,124",60.6,"11,695",43.9,72.5,"1,984",7.5,12.3,"9,711",36.5,60.2,"4,429",16.6,27.5,"5,881",22.1,"3,369",12.7
2006,5 Year  June,Black,"26,903","17,591",65.4,"12,257",45.6,69.7,"1,990",7.4,11.3,"10,267",38.2,58.4,"5,334",19.8,30.3,"2,527",9.4,"5,181",19.3
2006,5 Year August,Black,"26,903","17,905",66.6,"12,348",45.9,69,"1,990",7.4,11.1,"10,358",38.5,57.8,"5,557",20.7,31,"2,286",8.5,"5,090",18.9
2006,6 Year,Black,"26,435","18,483",69.9,"12,501",47.3,67.6,"1,988",7.5,10.8,"10,513",39.8,56.9,"5,982",22.6,32.4,978,3.7,"5,349",20.2
2007,4 Year  June,Black,"26,332","14,570",55.3,"12,084",45.9,82.9,"1,809",6.9,12.4,"10,275",39,70.5,"2,486",9.4,17.1,"7,307",27.7,"3,412",13
2007,4 Year August,Black,"26,332","15,896",60.4,"12,760",48.5,80.3,"1,825",6.9,11.5,"10,935",41.5,68.8,"3,136",11.9,19.7,"6,035",22.9,"3,367",12.8
2007,5 Year  June,Black,"26,183","17,212",65.7,"13,358",51,77.6,"1,823",7,10.6,"11,535",44.1,67,"3,854",14.7,22.4,"2,243",8.6,"5,290",20.2
2007,5 Year August,Black,"26,183","17,474",66.7,"13,452",51.4,77,"1,823",7,10.4,"11,629",44.4,66.6,"4,022",15.4,23,"2,044",7.8,"5,231",20
2007,6 Year,Black,"26,101","18,000",69,"13,681",52.4,76,"1,828",7,10.2,"11,853",45.4,65.9,"4,319",16.5,24,"1,127",4.3,"5,461",20.9
2008,4 Year  June,Black,"25,736","14,152",55,"13,304",51.7,94,"1,679",6.5,11.9,"11,625",45.2,82.1,848,3.3,6,"7,607",29.6,"3,087",12
2008,4 Year August,Black,"25,736","15,391",59.8,"14,384",55.9,93.5,"1,688",6.6,11,"12,696",49.3,82.5,"1,007",3.9,6.5,"6,401",24.9,"3,072",11.9
2008,5 Year  June,Black,"25,576","16,665",65.2,"15,405",60.2,92.4,"1,690",6.6,10.1,"13,715",53.6,82.3,"1,260",4.9,7.6,"3,264",12.8,"4,304",16.8
2008,5 Year August,Black,"25,576","17,006",66.5,"15,675",61.3,92.2,"1,690",6.6,9.9,"13,985",54.7,82.2,"1,331",5.2,7.8,"2,966",11.6,"4,272",16.7
2008,6 Year,Black,"25,507","17,641",69.2,"16,148",63.3,91.5,"1,690",6.6,9.6,"14,458",56.7,82,"1,493",5.9,8.5,"1,643",6.4,"4,621",18.1
2009,4 Year  June,Black,"24,463","13,689",56,"12,839",52.5,93.8,"1,618",6.6,11.8,"11,221",45.9,82,850,3.5,6.2,"7,299",29.8,"2,676",10.9
2009,4 Year August,Black,"24,463","14,966",61.2,"13,922",56.9,93,"1,626",6.6,10.9,"12,296",50.3,82.2,"1,044",4.3,7,"6,049",24.7,"2,674",10.9
2009,5 Year  June,Black,"24,303","16,327",67.2,"15,004",61.7,91.9,"1,626",6.7,10,"13,378",55,81.9,"1,323",5.4,8.1,"3,173",13.1,"3,825",15.7
2009,5 Year August,Black,"24,303","16,653",68.5,"15,255",62.8,91.6,"1,627",6.7,9.8,"13,628",56.1,81.8,"1,398",5.8,8.4,"2,868",11.8,"3,811",15.7
2009,6 Year,Black,"24,291","17,327",71.3,"15,747",64.8,90.9,"1,627",6.7,9.4,"14,120",58.1,81.5,"1,580",6.5,9.1,"1,698",7,"4,241",17.5
2010,4 Year  June,Black,"22,588","13,292",58.8,"12,260",54.3,92.2,"1,565",6.9,11.8,"10,695",47.3,80.5,"1,032",4.6,7.8,"6,513",28.8,"2,163",9.6
2010,4 Year August,Black,"22,588","14,408",63.8,"13,192",58.4,91.6,"1,583",7,11,"11,609",51.4,80.6,"1,216",5.4,8.4,"5,402",23.9,"2,163",9.6
2010,5 Year  June,Black,"22,414","15,758",70.3,"14,250",63.6,90.4,"1,585",7.1,10.1,"12,665",56.5,80.4,"1,508",6.7,9.6,"2,608",11.6,"3,202",14.3
2010,5 Year August,Black,"22,414","15,962",71.2,"14,402",64.3,90.2,"1,585",7.1,9.9,"12,817",57.2,80.3,"1,560",7,9.8,"2,415",10.8,"3,193",14.2
2011,4 Year  June,Black,"22,062","13,603",61.7,"12,618",57.2,92.8,"1,530",6.9,11.2,"11,088",50.3,81.5,985,4.5,7.2,"5,866",26.6,"2,056",9.3
2011,4 Year August,Black,"22,062","14,437",65.4,"13,281",60.2,92,"1,538",7,10.7,"11,743",53.2,81.3,"1,156",5.2,8,"5,037",22.8,"2,056",9.3
2001,4 Year  June,Hispanic,"25,890","9,682",37.4,"5,283",20.4,54.6,"1,361",5.3,14.1,"3,922",15.1,40.5,"4,407",17,45.5,"8,275",32,"6,983",27
2001,5 Year  June,Hispanic,"25,890","12,273",47.4,"5,861",22.6,47.8,"1,407",5.4,11.5,"4,454",17.2,36.3,"6,447",24.9,52.5,"3,399",13.1,"8,945",34.6
2001,6 Year,Hispanic,"25,890","13,091",50.6,"6,020",23.3,46,"1,414",5.5,10.8,"4,606",17.8,35.2,"7,149",27.6,54.6,"1,584",6.1,"9,839",38
2002,4 Year  June,Hispanic,"26,372","10,580",40.1,"6,173",23.4,58.3,"1,374",5.2,13,"4,799",18.2,45.4,"4,418",16.8,41.8,"8,798",33.4,"6,105",23.1
2002,5 Year  June,Hispanic,"26,372","13,369",50.7,"7,006",26.6,52.4,"1,443",5.5,10.8,"5,563",21.1,41.6,"6,470",24.5,48.4,"3,781",14.3,"8,016",30.4
2002,6 Year,Hispanic,"26,372","14,322",54.3,"7,198",27.3,50.3,"1,451",5.5,10.1,"5,747",21.8,40.1,"7,231",27.4,50.5,"2,023",7.7,"8,723",33.1
2003,4 Year  June,Hispanic,"26,774","11,656",43.5,"7,109",26.6,61,"2,067",7.7,17.7,"5,042",18.8,43.3,"4,547",17,39,"8,947",33.4,"5,426",20.3
2003,5 Year  June,Hispanic,"26,774","14,591",54.5,"7,951",29.7,54.5,"2,116",7.9,14.5,"5,835",21.8,40,"6,640",24.8,45.5,"3,675",13.7,"7,314",27.3
2003,6 Year,Hispanic,"26,838","15,620",58.2,"8,196",30.5,52.5,"2,119",7.9,13.6,"6,077",22.6,38.9,"7,424",27.7,47.5,"1,792",6.7,"7,905",29.5
2004,4 Year  June,Hispanic,"27,812","13,537",48.7,"8,673",31.2,64.1,"2,510",9,18.5,"6,163",22.2,45.5,"4,864",17.5,35.9,"8,729",31.4,"4,891",17.6
2004,4 Year August,Hispanic,"27,812","14,811",53.3,"9,146",32.9,61.8,,,,,,,"5,669",20.4,38.3,"7,456",26.8,"4,891",17.6
2004,5 Year  June,Hispanic,"28,082","16,680",59.4,"9,777",34.8,58.6,"2,556",9.1,15.3,"7,221",25.7,43.3,"6,903",24.6,41.4,"3,152",11.2,"6,426",22.9
2004,6 Year,Hispanic,"28,142","17,739",63,"10,059",35.7,56.7,"2,559",9.1,14.4,"7,500",26.7,42.3,"7,680",27.3,43.3,"1,922",6.8,"7,078",25.2
2005,4 Year  June,Hispanic,"29,192","15,135",51.8,"10,414",35.7,68.8,"2,514",8.6,16.6,"7,900",27.1,52.2,"4,720",16.2,31.2,"8,282",28.4,"4,388",15
2005,4 Year August,Hispanic,"29,192","16,330",55.9,"10,861",37.2,66.5,"2,538",8.7,15.5,"8,323",28.5,51,"5,468",18.7,33.5,"7,089",24.3,"4,387",15
2005,5 Year  June,Hispanic,"29,546","18,298",61.9,"11,660",39.5,63.7,"2,566",8.7,14,"9,094",30.8,49.7,"6,638",22.5,36.3,"2,938",9.9,"6,583",22.3
2005,6 Year,Hispanic,"29,506","19,302",65.4,"11,958",40.5,62,"2,569",8.7,13.3,"9,389",31.8,48.6,"7,344",24.9,38,"1,513",5.1,"6,966",23.6
2006,4 Year  June,Hispanic,"29,721","16,007",53.9,"12,104",40.7,75.6,"2,573",8.7,16.1,"9,531",32.1,59.5,"3,903",13.1,24.4,"7,882",26.5,"4,528",15.2
2006,4 Year August,Hispanic,"29,721","17,289",58.2,"12,689",42.7,73.4,"2,592",8.7,15,"10,097",34,58.4,"4,600",15.5,26.6,"6,628",22.3,"4,501",15.1
2006,5 Year  June,Hispanic,"30,093","18,991",63.1,"13,408",44.6,70.6,"2,609",8.7,13.7,"10,799",35.9,56.9,"5,583",18.6,29.4,"2,700",9,"6,700",22.3
2006,5 Year August,Hispanic,"30,093","19,330",64.2,"13,525",44.9,70,"2,609",8.7,13.5,"10,916",36.3,56.5,"5,805",19.3,30,"2,451",8.1,"6,598",21.9
2006,6 Year,Hispanic,"29,614","19,943",67.3,"13,753",46.4,69,"2,596",8.8,13,"11,157",37.7,55.9,"6,190",20.9,31,"1,066",3.6,"6,974",23.5
2007,4 Year  June,Hispanic,"30,811","16,602",53.9,"13,924",45.2,83.9,"2,590",8.4,15.6,"11,334",36.8,68.3,"2,678",8.7,16.1,"8,424",27.3,"4,757",15.4
2007,4 Year August,Hispanic,"30,811","18,192",59,"14,806",48.1,81.4,"2,622",8.5,14.4,"12,184",39.5,67,"3,386",11,18.6,"6,895",22.4,"4,703",15.3
2007,5 Year  June,Hispanic,"30,527","19,638",64.3,"15,452",50.6,78.7,"2,576",8.4,13.1,"12,876",42.2,65.6,"4,186",13.7,21.3,"2,390",7.8,"7,077",23.2
2007,5 Year August,Hispanic,"30,527","19,984",65.5,"15,619",51.2,78.2,"2,577",8.4,12.9,"13,042",42.7,65.3,"4,365",14.3,21.8,"2,143",7,"6,984",22.9
2007,6 Year,Hispanic,"30,613","20,701",67.6,"16,061",52.5,77.6,"2,618",8.6,12.6,"13,443",43.9,64.9,"4,640",15.2,22.4,"1,176",3.8,"7,251",23.7
2008,4 Year  June,Hispanic,"30,770","16,212",52.7,"15,340",49.9,94.6,"2,604",8.5,16.1,"12,736",41.4,78.6,872,2.8,5.4,"9,112",29.6,"4,537",14.7
2008,4 Year August,Hispanic,"30,770","17,680",57.5,"16,603",54,93.9,"2,628",8.5,14.9,"13,975",45.4,79,"1,077",3.5,6.1,"7,681",25,"4,520",14.7
2008,5 Year  June,Hispanic,"30,641","19,295",63,"17,934",58.5,92.9,"2,635",8.6,13.7,"15,299",49.9,79.3,"1,361",4.4,7.1,"3,786",12.4,"6,223",20.3
2008,5 Year August,Hispanic,"30,641","19,682",64.2,"18,261",59.6,92.8,"2,635",8.6,13.4,"15,626",51,79.4,"1,421",4.6,7.2,"3,430",11.2,"6,201",20.2
2008,6 Year,Hispanic,"30,596","20,402",66.7,"18,796",61.4,92.1,"2,635",8.6,12.9,"16,161",52.8,79.2,"1,606",5.2,7.9,"1,927",6.3,"6,673",21.8
2009,4 Year  June,Hispanic,"30,331","16,268",53.6,"15,297",50.4,94,"2,627",8.7,16.1,"12,670",41.8,77.9,971,3.2,6,"9,064",29.9,"4,170",13.7
2009,4 Year August,Hispanic,"30,331","17,879",58.9,"16,698",55.1,93.4,"2,660",8.8,14.9,"14,038",46.3,78.5,"1,181",3.9,6.6,"7,481",24.7,"4,168",13.7
2009,5 Year  June,Hispanic,"30,142","19,716",65.4,"18,213",60.4,92.4,"2,674",8.9,13.6,"15,539",51.6,78.8,"1,503",5,7.6,"3,710",12.3,"5,722",19
2009,5 Year August,Hispanic,"30,142","20,136",66.8,"18,563",61.6,92.2,"2,674",8.9,13.3,"15,889",52.7,78.9,"1,573",5.2,7.8,"3,309",11,"5,707",18.9
2009,6 Year,Hispanic,"30,114","20,909",69.4,"19,155",63.6,91.6,"2,675",8.9,12.8,"16,480",54.7,78.8,"1,754",5.8,8.4,"1,939",6.4,"6,208",20.6
2010,4 Year  June,Hispanic,"29,049","16,448",56.6,"15,269",52.6,92.8,"2,580",8.9,15.7,"12,689",43.7,77.1,"1,179",4.1,7.2,"8,293",28.5,"3,688",12.7
2010,4 Year August,Hispanic,"29,049","17,845",61.4,"16,474",56.7,92.3,"2,610",9,14.6,"13,864",47.7,77.7,"1,371",4.7,7.7,"6,902",23.8,"3,686",12.7
2010,5 Year  June,Hispanic,"28,883","19,476",67.4,"17,716",61.3,91,"2,616",9.1,13.4,"15,100",52.3,77.5,"1,760",6.1,9,"3,262",11.3,"5,276",18.3
2010,5 Year August,Hispanic,"28,883","19,789",68.5,"17,961",62.2,90.8,"2,617",9.1,13.2,"15,344",53.1,77.5,"1,828",6.3,9.2,"2,966",10.3,"5,262",18.2
2011,4 Year  June,Hispanic,"28,842","17,411",60.4,"16,201",56.2,93.1,"2,698",9.4,15.5,"13,503",46.8,77.6,"1,210",4.2,6.9,"7,352",25.5,"3,439",11.9
2011,4 Year August,Hispanic,"28,842","18,452",64,"17,019",59,92.2,"2,713",9.4,14.7,"14,306",49.6,77.5,"1,433",5,7.8,"6,322",21.9,"3,438",11.9
2001,4 Year  June,White,"12,104","7,750",64,"6,116",50.5,78.9,"3,287",27.2,42.4,"2,829",23.4,36.5,"1,644",13.6,21.2,"2,053",17,"2,065",17.1
2001,5 Year  June,White,"12,104","8,567",70.8,"6,444",53.2,75.2,"3,325",27.5,38.8,"3,119",25.8,36.4,"2,137",17.7,24.9,578,4.8,"2,604",21.5
2001,6 Year,White,"12,104","8,729",72.1,"6,494",53.7,74.4,"3,328",27.5,38.1,"3,166",26.2,36.3,"2,257",18.6,25.9,258,2.1,"2,745",22.7
2002,4 Year  June,White,"11,633","7,776",66.8,"6,391",54.9,82.2,"3,155",27.1,40.6,"3,236",27.8,41.6,"1,387",11.9,17.8,"2,038",17.5,"1,542",13.3
2002,5 Year  June,White,"11,633","8,622",74.1,"6,782",58.3,78.7,"3,212",27.6,37.3,"3,570",30.7,41.4,"1,872",16.1,21.7,636,5.5,"2,015",17.3
2002,6 Year,White,"11,633","8,783",75.5,"6,826",58.7,77.7,"3,214",27.6,36.6,"3,612",31,41.1,"1,989",17.1,22.6,348,3,"2,130",18.3
2003,4 Year  June,White,"10,440","7,202",69,"6,029",57.7,83.7,"3,102",29.7,43.1,"2,927",28,40.6,"1,173",11.2,16.3,"1,784",17.1,"1,272",12.2
2003,5 Year  June,White,"10,440","7,896",75.6,"6,372",61,80.7,"3,132",30,39.7,"3,240",31,41,"1,524",14.6,19.3,563,5.4,"1,685",16.1
2003,6 Year,White,"10,464","8,053",77,"6,425",61.4,79.8,"3,132",29.9,38.9,"3,293",31.5,40.9,"1,628",15.6,20.2,295,2.8,"1,761",16.8
2004,4 Year  June,White,"10,004","7,155",71.5,"6,123",61.2,85.6,"3,297",33,46.1,"2,826",28.2,39.5,"1,032",10.3,14.4,"1,701",17,976,9.8
2004,4 Year August,White,"10,004","7,486",74.8,"6,318",63.2,84.4,,,,,,,"1,169",11.7,15.6,"1,370",13.7,976,9.8
2004,5 Year  June,White,"10,092","7,892",78.2,"6,496",64.4,82.3,"3,343",33.1,42.4,"3,153",31.2,40,"1,396",13.8,17.7,495,4.9,"1,282",12.7
2004,6 Year,White,"10,091","8,040",79.7,"6,560",65,81.6,"3,343",33.1,41.6,"3,217",31.9,40,"1,480",14.7,18.4,410,4.1,"1,345",13.3
2005,4 Year  June,White,"9,900","7,316",73.9,"6,270",63.3,85.7,"3,163",31.9,43.2,"3,107",31.4,42.5,"1,046",10.6,14.3,"1,467",14.8,829,8.4
2005,4 Year August,White,"9,900","7,571",76.5,"6,421",64.9,84.8,"3,176",32.1,41.9,"3,245",32.8,42.9,"1,150",11.6,15.2,"1,214",12.3,828,8.4
2005,5 Year  June,White,"9,962","7,940",79.7,"6,615",66.4,83.3,"3,201",32.1,40.3,"3,414",34.3,43,"1,325",13.3,16.7,491,4.9,"1,143",11.5
2005,6 Year,White,"9,959","8,074",81.1,"6,671",67,82.6,"3,201",32.1,39.6,"3,470",34.8,43,"1,403",14.1,17.4,311,3.1,"1,182",11.9
2006,4 Year  June,White,"10,077","7,606",75.5,"6,736",66.8,88.6,"3,187",31.6,41.9,"3,549",35.2,46.7,870,8.6,11.4,"1,447",14.4,806,8
2006,4 Year August,White,"10,077","7,881",78.2,"6,896",68.4,87.5,"3,208",31.8,40.7,"3,688",36.6,46.8,985,9.8,12.5,"1,176",11.7,802,8
2006,5 Year  June,White,"10,155","8,201",80.8,"7,096",69.9,86.5,"3,216",31.7,39.2,"3,880",38.2,47.3,"1,105",10.9,13.5,495,4.9,"1,117",11
2006,5 Year August,White,"10,155","8,250",81.2,"7,117",70.1,86.3,"3,216",31.7,39,"3,901",38.4,47.3,"1,133",11.2,13.7,461,4.5,"1,102",10.9
2006,6 Year,White,"10,077","8,342",82.8,"7,162",71.1,85.9,"3,214",31.9,38.5,"3,948",39.2,47.3,"1,180",11.7,14.1,280,2.8,"1,136",11.3
2007,4 Year  June,White,"9,915","7,491",75.6,"6,905",69.6,92.2,"3,131",31.6,41.8,"3,774",38.1,50.4,586,5.9,7.8,"1,450",14.6,784,7.9
2007,4 Year August,White,"9,915","7,818",78.9,"7,134",72,91.3,"3,147",31.7,40.3,"3,987",40.2,51,684,6.9,8.7,"1,133",11.4,780,7.9
2007,5 Year  June,White,"9,890","8,074",81.6,"7,263",73.4,90,"3,146",31.8,39,"4,117",41.6,51,811,8.2,10,431,4.4,"1,100",11.1
2007,5 Year August,White,"9,890","8,135",82.3,"7,293",73.7,89.6,"3,146",31.8,38.7,"4,147",41.9,51,842,8.5,10.4,392,4,"1,079",10.9
2007,6 Year,White,"9,914","8,233",83,"7,363",74.3,89.4,"3,155",31.8,38.3,"4,208",42.4,51.1,870,8.8,10.6,266,2.7,"1,113",11.2
2008,4 Year  June,White,"10,189","7,657",75.1,"7,376",72.4,96.3,"3,161",31,41.3,"4,215",41.4,55,281,2.8,3.7,"1,661",16.3,745,7.3
2008,4 Year August,White,"10,189","7,957",78.1,"7,638",75,96,"3,181",31.2,40,"4,457",43.7,56,319,3.1,4,"1,364",13.4,744,7.3
2008,5 Year  June,White,"10,159","8,244",81.1,"7,882",77.6,95.6,"3,189",31.4,38.7,"4,693",46.2,56.9,362,3.6,4.4,670,6.6,"1,014",10
2008,5 Year August,White,"10,159","8,287",81.6,"7,911",77.9,95.5,"3,190",31.4,38.5,"4,721",46.5,57,376,3.7,4.5,632,6.2,"1,010",9.9
2008,6 Year,White,"10,142","8,371",82.5,"7,972",78.6,95.2,"3,191",31.5,38.1,"4,781",47.1,57.1,399,3.9,4.8,396,3.9,"1,066",10.5
2009,4 Year  June,White,"10,282","7,856",76.4,"7,565",73.6,96.3,"3,249",31.6,41.4,"4,316",42,54.9,291,2.8,3.7,"1,688",16.4,610,5.9
2009,4 Year August,White,"10,282","8,191",79.7,"7,864",76.5,96,"3,267",31.8,39.9,"4,597",44.7,56.1,327,3.2,4,"1,357",13.2,610,5.9
2009,5 Year  June,White,"10,256","8,482",82.7,"8,094",78.9,95.4,"3,270",31.9,38.6,"4,824",47,56.9,388,3.8,4.6,726,7.1,894,8.7
2009,5 Year August,White,"10,256","8,543",83.3,"8,137",79.3,95.2,"3,270",31.9,38.3,"4,867",47.5,57,406,4,4.8,669,6.5,890,8.7
2009,6 Year,White,"10,257","8,661",84.4,"8,229",80.2,95,"3,271",31.9,37.8,"4,958",48.3,57.2,432,4.2,5,455,4.4,963,9.4
2010,4 Year  June,White,"10,342","8,050",77.8,"7,723",74.7,95.9,"3,187",30.8,39.6,"4,536",43.9,56.3,327,3.2,4.1,"1,568",15.2,631,6.1
2010,4 Year August,White,"10,342","8,342",80.7,"7,974",77.1,95.6,"3,211",31,38.5,"4,763",46.1,57.1,368,3.6,4.4,"1,276",12.3,631,6.1
2010,5 Year  June,White,"10,420","8,745",83.9,"8,286",79.5,94.8,"3,221",30.9,36.8,"5,065",48.6,57.9,459,4.4,5.2,635,6.1,877,8.4
2010,5 Year August,White,"10,420","8,794",84.4,"8,324",79.9,94.7,"3,221",30.9,36.6,"5,103",49,58,470,4.5,5.3,589,5.7,874,8.4
2011,4 Year  June,White,"9,896","7,925",80.1,"7,641",77.2,96.4,"3,209",32.4,40.5,"4,432",44.8,55.9,284,2.9,3.6,"1,330",13.4,514,5.2
2011,4 Year August,White,"9,896","8,119",82,"7,817",79,96.3,"3,216",32.5,39.6,"4,601",46.5,56.7,302,3.1,3.7,"1,138",11.5,513,5.2
2001,4 Year  June,Female,"36,069","19,424",53.9,"12,455",34.5,64.1,"5,147",14.3,26.5,"7,308",20.3,37.6,"6,985",19.4,36,"9,075",25.2,"6,699",18.6
2001,5 Year  June,Female,"36,069","22,680",62.9,"13,210",36.6,58.2,"5,243",14.5,23.1,"7,967",22.1,35.1,"9,501",26.3,41.9,"3,265",9.1,"8,931",24.8
2001,6 Year,Female,"36,069","23,594",65.4,"13,365",37.1,56.6,"5,249",14.6,22.2,"8,116",22.5,34.4,"10,292",28.5,43.6,"1,302",3.6,"9,893",27.4
2002,4 Year  June,Female,"37,040","20,565",55.5,"13,986",37.8,68,"5,155",13.9,25.1,"8,831",23.8,42.9,"6,601",17.8,32.1,"9,628",26,"5,810",15.7
2002,5 Year  June,Female,"37,040","24,040",64.9,"15,053",40.6,62.6,"5,283",14.3,22,"9,770",26.4,40.6,"9,116",24.6,37.9,"3,818",10.3,"7,845",21.2
2002,6 Year,Female,"37,040","25,053",67.6,"15,231",41.1,60.8,"5,290",14.3,21.1,"9,941",26.8,39.7,"9,951",26.9,39.7,"1,958",5.3,"8,590",23.2
2003,4 Year  June,Female,"36,829","21,942",59.6,"15,381",41.8,70.1,"6,375",17.3,29.1,"9,006",24.5,41,"6,561",17.8,29.9,"9,253",25.1,"4,862",13.2
2003,5 Year  June,Female,"36,829","25,263",68.6,"16,371",44.5,64.8,"6,465",17.6,25.6,"9,906",26.9,39.2,"8,892",24.1,35.2,"3,597",9.8,"6,782",18.4
2003,6 Year,Female,"36,893","26,309",71.3,"16,590",45,63.1,"6,471",17.5,24.6,"10,119",27.4,38.5,"9,719",26.3,36.9,"1,665",4.5,"7,383",20
2004,4 Year  June,Female,"37,275","23,485",63,"16,970",45.5,72.3,"6,910",18.5,29.4,"10,060",27,42.8,"6,515",17.5,27.7,"9,040",24.3,"4,145",11.1
2004,4 Year August,Female,"37,275","24,990",67,"17,572",47.1,70.3,,,,,,,"7,421",19.9,29.7,"7,536",20.2,"4,144",11.1
2004,5 Year  June,Female,"37,530","27,044",72.1,"18,281",48.7,67.6,"7,024",18.7,26,"11,257",30,41.6,"8,763",23.3,32.4,"2,984",8,"5,722",15.2
2004,6 Year,Female,"37,560","28,080",74.8,"18,546",49.4,66,"7,025",18.7,25,"11,521",30.7,41,"9,534",25.4,34,"1,815",4.8,"6,364",16.9
2005,4 Year  June,Female,"38,282","25,056",65.5,"18,924",49.4,75.5,"6,863",17.9,27.4,"12,061",31.5,48.1,"6,132",16,24.5,"8,147",21.3,"3,751",9.8
2005,4 Year August,Female,"38,282","26,377",68.9,"19,419",50.7,73.6,"6,892",18,26.1,"12,527",32.7,47.5,"6,958",18.2,26.4,"6,830",17.8,"3,749",9.8
2005,5 Year  June,Female,"38,677","28,405",73.4,"20,237",52.3,71.2,"6,947",18,24.5,"13,290",34.4,46.8,"8,168",21.1,28.8,"2,674",6.9,"6,049",15.6
2005,6 Year,Female,"38,643","29,365",76,"20,497",53,69.8,"6,952",18,23.7,"13,545",35.1,46.1,"8,868",22.9,30.2,"1,355",3.5,"6,371",16.5
2006,4 Year  June,Female,"38,750","25,946",67,"20,942",54,80.7,"7,098",18.3,27.4,"13,844",35.7,53.4,"5,004",12.9,19.3,"7,717",19.9,"4,045",10.4
2006,4 Year August,Female,"38,750","27,409",70.7,"21,614",55.8,78.9,"7,146",18.4,26.1,"14,468",37.3,52.8,"5,795",15,21.1,"6,290",16.2,"4,009",10.3
2006,5 Year  June,Female,"39,010","29,185",74.8,"22,387",57.4,76.7,"7,171",18.4,24.6,"15,216",39,52.1,"6,798",17.4,23.3,"2,412",6.2,"6,024",15.4
2006,5 Year August,Female,"39,010","29,514",75.7,"22,491",57.7,76.2,"7,171",18.4,24.3,"15,320",39.3,51.9,"7,023",18,23.8,"2,164",5.5,"5,930",15.2
2006,6 Year,Female,"38,631","30,108",77.9,"22,675",58.7,75.3,"7,174",18.6,23.8,"15,501",40.1,51.5,"7,433",19.2,24.7,970,2.5,"6,178",16
2007,4 Year  June,Female,"38,957","25,869",66.4,"22,648",58.1,87.5,"7,065",18.1,27.3,"15,583",40,60.2,"3,221",8.3,12.5,"8,175",21,"4,062",10.4
2007,4 Year August,Female,"38,957","27,603",70.9,"23,580",60.5,85.4,"7,117",18.3,25.8,"16,463",42.3,59.6,"4,023",10.3,14.6,"6,497",16.7,"4,017",10.3
2007,5 Year  June,Female,"38,756","29,137",75.2,"24,294",62.7,83.4,"7,114",18.4,24.4,"17,180",44.3,59,"4,843",12.5,16.6,"2,161",5.6,"6,233",16.1
2007,5 Year August,Female,"38,756","29,452",76,"24,413",63,82.9,"7,115",18.4,24.2,"17,298",44.6,58.7,"5,039",13,17.1,"1,945",5,"6,140",15.8
2007,6 Year,Female,"38,787","30,063",77.5,"24,736",63.8,82.3,"7,129",18.4,23.7,"17,607",45.4,58.6,"5,327",13.7,17.7,"1,039",2.7,"6,393",16.5
2008,4 Year  June,Female,"38,751","25,415",65.6,"24,509",63.2,96.4,"7,178",18.5,28.2,"17,331",44.7,68.2,906,2.3,3.6,"8,790",22.7,"3,786",9.8
2008,4 Year August,Female,"38,751","27,039",69.8,"25,960",67,96,"7,212",18.6,26.7,"18,748",48.4,69.3,"1,079",2.8,4,"7,201",18.6,"3,770",9.7
2008,5 Year  June,Female,"38,643","28,671",74.2,"27,323",70.7,95.3,"7,231",18.7,25.2,"20,092",52,70.1,"1,348",3.5,4.7,"3,507",9.1,"5,358",13.9
2008,5 Year August,Female,"38,643","29,069",75.2,"27,654",71.6,95.1,"7,232",18.7,24.9,"20,422",52.8,70.3,"1,415",3.7,4.9,"3,157",8.2,"5,320",13.8
2008,6 Year,Female,"38,621","29,765",77.1,"28,209",73,94.8,"7,233",18.7,24.3,"20,976",54.3,70.5,"1,556",4,5.2,"1,788",4.6,"5,739",14.9
2009,4 Year  June,Female,"38,582","25,671",66.5,"24,687",64,96.2,"7,366",19.1,28.7,"17,321",44.9,67.5,984,2.6,3.8,"8,694",22.5,"3,525",9.1
2009,4 Year August,Female,"38,582","27,397",71,"26,212",67.9,95.7,"7,431",19.3,27.1,"18,781",48.7,68.6,"1,185",3.1,4.3,"7,002",18.1,"3,520",9.1
2009,5 Year  June,Female,"38,435","29,142",75.8,"27,688",72,95,"7,449",19.4,25.6,"20,239",52.7,69.4,"1,454",3.8,5,"3,467",9,"5,031",13.1
2009,5 Year August,Female,"38,435","29,557",76.9,"28,027",72.9,94.8,"7,450",19.4,25.2,"20,577",53.5,69.6,"1,530",4,5.2,"3,074",8,"5,012",13
2009,6 Year,Female,"38,445","30,332",78.9,"28,642",74.5,94.4,"7,452",19.4,24.6,"21,190",55.1,69.9,"1,690",4.4,5.6,"1,884",4.9,"5,412",14.1
2010,4 Year  June,Female,"36,844","25,388",68.9,"24,303",66,95.7,"7,236",19.6,28.5,"17,067",46.3,67.2,"1,085",2.9,4.3,"7,773",21.1,"3,178",8.6
2010,4 Year August,Female,"36,844","26,836",72.8,"25,580",69.4,95.3,"7,287",19.8,27.2,"18,293",49.6,68.2,"1,256",3.4,4.7,"6,328",17.2,"3,178",8.6
2010,5 Year  June,Female,"36,747","28,618",77.9,"27,015",73.5,94.4,"7,309",19.9,25.5,"19,706",53.6,68.9,"1,603",4.4,5.6,"2,838",7.7,"4,565",12.4
2010,5 Year August,Female,"36,747","28,901",78.6,"27,244",74.1,94.3,"7,310",19.9,25.3,"19,934",54.2,69,"1,657",4.5,5.7,"2,581",7,"4,542",12.4
2011,4 Year  June,Female,"36,143","26,418",73.1,"25,223",69.8,95.5,"7,279",20.1,27.6,"17,944",49.6,67.9,"1,195",3.3,4.5,"6,514",18,"2,740",7.6
2011,4 Year August,Female,"36,143","27,436",75.9,"26,065",72.1,95,"7,303",20.2,26.6,"18,762",51.9,68.4,"1,371",3.8,5,"5,504",15.2,"2,740",7.6
2001,4 Year  June,Male,"38,074","15,079",39.6,"9,742",25.6,64.6,"4,102",10.8,27.2,"5,640",14.8,37.4,"5,348",14,35.5,"12,019",31.6,"9,638",25.3
2001,5 Year  June,Male,"38,074","18,637",48.9,"10,715",28.1,57.5,"4,206",11,22.6,"6,509",17.1,34.9,"7,964",20.9,42.7,"5,070",13.3,"12,451",32.7
2001,6 Year,Male,"38,074","19,757",51.9,"10,973",28.8,55.5,"4,224",11.1,21.4,"6,749",17.7,34.2,"8,888",23.3,45,"2,594",6.8,"13,645",35.8
2002,4 Year  June,Male,"37,471","15,987",42.7,"11,112",29.7,69.5,"4,280",11.4,26.8,"6,832",18.2,42.7,"4,888",13,30.6,"12,093",32.3,"7,948",21.2
2002,5 Year  June,Male,"37,471","19,795",52.8,"12,425",33.2,62.8,"4,462",11.9,22.5,"7,963",21.3,40.2,"7,509",20,37.9,"5,109",13.6,"10,589",28.3
2002,6 Year,Male,"37,471","21,014",56.1,"12,706",33.9,60.5,"4,478",12,21.3,"8,228",22,39.2,"8,447",22.5,40.2,"2,771",7.4,"11,550",30.8
2003,4 Year  June,Male,"37,059","17,048",46,"12,064",32.6,70.8,"4,981",13.4,29.2,"7,083",19.1,41.5,"4,984",13.4,29.2,"12,100",32.7,"6,842",18.5
2003,5 Year  June,Male,"37,059","21,002",56.7,"13,516",36.5,64.4,"5,129",13.8,24.4,"8,387",22.6,39.9,"7,486",20.2,35.6,"4,923",13.3,"9,313",25.1
2003,6 Year,Male,"37,134","22,277",60,"13,893",37.4,62.4,"5,136",13.8,23.1,"8,757",23.6,39.3,"8,384",22.6,37.6,"2,455",6.6,"10,134",27.3
2004,4 Year  June,Male,"37,734","18,828",49.9,"13,682",36.3,72.7,"5,682",15.1,30.2,"8,000",21.2,42.5,"5,146",13.6,27.3,"11,804",31.3,"5,982",15.9
2004,5 Year  June,Male,"38,095","22,915",60.2,"15,258",40.1,66.6,"5,817",15.3,25.4,"9,441",24.8,41.2,"7,657",20.1,33.4,"4,381",11.5,"8,064",21.2
2004,6 Year,Male,"38,101","24,299",63.8,"15,685",41.2,64.5,"5,825",15.3,24,"9,860",25.9,40.6,"8,614",22.6,35.5,"2,653",7,"8,942",23.5
2005,4 Year  June,Male,"39,096","20,559",52.6,"15,565",39.8,75.7,"5,649",14.4,27.5,"9,916",25.4,48.2,"4,993",12.8,24.3,"11,196",28.6,"5,406",13.8
2005,4 Year August,Male,"39,096","22,122",56.6,"16,299",41.7,73.7,"5,725",14.6,25.9,"10,574",27,47.8,"5,822",14.9,26.3,"9,634",24.6,"5,406",13.8
2005,5 Year  June,Male,"39,470","24,583",62.3,"17,374",44,70.7,"5,827",14.8,23.7,"11,547",29.3,47,"7,209",18.3,29.3,"3,992",10.1,"8,210",20.8
2005,6 Year,Male,"39,351","25,912",65.8,"17,815",45.3,68.8,"5,831",14.8,22.5,"11,984",30.5,46.2,"8,097",20.6,31.2,"2,070",5.3,"8,719",22.2
2006,4 Year  June,Male,"39,596","21,840",55.2,"17,628",44.5,80.7,"5,787",14.6,26.5,"11,841",29.9,54.2,"4,212",10.6,19.3,"10,420",26.3,"5,452",13.8
2006,4 Year August,Male,"39,596","23,597",59.6,"18,537",46.8,78.6,"5,855",14.8,24.8,"12,682",32,53.7,"5,060",12.8,21.4,"8,685",21.9,"5,431",13.7
2006,5 Year  June,Male,"40,146","25,751",64.1,"19,531",48.6,75.8,"5,904",14.7,22.9,"13,627",33.9,52.9,"6,220",15.5,24.2,"3,816",9.5,"8,078",20.1
2006,5 Year August,Male,"40,146","26,194",65.2,"19,698",49.1,75.2,"5,904",14.7,22.5,"13,794",34.4,52.7,"6,496",16.2,24.8,"3,486",8.7,"7,946",19.8
2006,6 Year,Male,"39,415","27,013",68.5,"20,014",50.8,74.1,"5,890",14.9,21.8,"14,124",35.8,52.3,"6,999",17.8,25.9,"1,514",3.8,"8,440",21.4
2007,4 Year  June,Male,"40,519","22,511",55.6,"19,458",48,86.4,"5,893",14.5,26.2,"13,565",33.5,60.3,"3,053",7.5,13.6,"10,785",26.6,"5,678",14
2007,4 Year August,Male,"40,519","24,466",60.4,"20,636",50.9,84.3,"5,960",14.7,24.4,"14,676",36.2,60,"3,830",9.5,15.7,"8,906",22,"5,614",13.9
2007,5 Year  June,Male,"40,166","26,267",65.4,"21,476",53.5,81.8,"5,909",14.7,22.5,"15,567",38.8,59.3,"4,791",11.9,18.2,"3,346",8.3,"8,425",21
2007,5 Year August,Male,"40,166","26,701",66.5,"21,691",54,81.2,"5,910",14.7,22.1,"15,781",39.3,59.1,"5,010",12.5,18.8,"3,017",7.5,"8,327",20.7
2007,6 Year,Male,"40,211","27,588",68.6,"22,231",55.3,80.6,"5,980",14.9,21.7,"16,251",40.4,58.9,"5,357",13.3,19.4,"1,748",4.3,"8,647",21.5
2008,4 Year  June,Male,"40,968","22,758",55.6,"21,515",52.5,94.5,"5,997",14.6,26.4,"15,518",37.9,68.2,"1,243",3,5.5,"11,595",28.3,"5,345",13
2008,4 Year August,Male,"40,968","24,534",59.9,"23,044",56.2,93.9,"6,052",14.8,24.7,"16,992",41.5,69.3,"1,490",3.6,6.1,"9,862",24.1,"5,326",13
2008,5 Year  June,Male,"40,719","26,461",65,"24,631",60.5,93.1,"6,082",14.9,23,"18,549",45.6,70.1,"1,830",4.5,6.9,"4,980",12.2,"7,281",17.9
2008,5 Year August,Male,"40,719","26,938",66.2,"25,024",61.5,92.9,"6,089",15,22.6,"18,935",46.5,70.3,"1,914",4.7,7.1,"4,543",11.2,"7,252",17.8
2008,6 Year,Male,"40,612","27,810",68.5,"25,652",63.2,92.2,"6,091",15,21.9,"19,561",48.2,70.3,"2,158",5.3,7.8,"2,563",6.3,"7,806",19.2
2009,4 Year  June,Male,"40,139","22,565",56.2,"21,302",53.1,94.4,"6,034",15,26.7,"15,268",38,67.7,"1,263",3.1,5.6,"11,552",28.8,"4,845",12.1
2009,4 Year August,Male,"40,139","24,573",61.2,"23,046",57.4,93.8,"6,104",15.2,24.8,"16,942",42.2,68.9,"1,527",3.8,6.2,"9,575",23.9,"4,843",12.1
2009,5 Year  June,Male,"39,880","26,740",67.1,"24,783",62.1,92.7,"6,135",15.4,22.9,"18,648",46.8,69.7,"1,957",4.9,7.3,"4,926",12.4,"6,735",16.9
2009,5 Year August,Male,"39,880","27,224",68.3,"25,177",63.1,92.5,"6,138",15.4,22.5,"19,039",47.7,69.9,"2,047",5.1,7.5,"4,466",11.2,"6,719",16.8
2009,6 Year,Male,"39,842","28,173",70.7,"25,874",64.9,91.8,"6,140",15.4,21.8,"19,734",49.5,70,"2,299",5.8,8.2,"2,657",6.7,"7,406",18.6
2010,4 Year  June,Male,"38,680","23,061",59.6,"21,471",55.5,93.1,"6,051",15.6,26.2,"15,420",39.9,66.9,"1,590",4.1,6.9,"10,575",27.3,"4,133",10.7
2010,4 Year August,Male,"38,680","24,845",64.2,"22,983",59.4,92.5,"6,134",15.9,24.7,"16,849",43.6,67.8,"1,862",4.8,7.5,"8,799",22.7,"4,131",10.7
2010,5 Year  June,Male,"38,495","26,876",69.8,"24,537",63.7,91.3,"6,158",16,22.9,"18,379",47.7,68.4,"2,339",6.1,8.7,"4,364",11.3,"5,963",15.5
2010,5 Year August,Male,"38,495","27,231",70.7,"24,810",64.4,91.1,"6,160",16,22.6,"18,650",48.4,68.5,"2,421",6.3,8.9,"4,021",10.4,"5,953",15.5
2011,4 Year  June,Male,"38,220","23,581",61.7,"22,165",58,94,"6,285",16.4,26.7,"15,880",41.5,67.3,"1,416",3.7,6,"9,805",25.7,"3,926",10.3
2011,4 Year August,Male,"38,220","24,973",65.3,"23,299",61,93.3,"6,336",16.6,25.4,"16,963",44.4,67.9,"1,674",4.4,6.7,"8,423",22,"3,924",10.3
